{
  "accuracy": 0.87,
  "precision": 0.8729931972789116,
  "recall": 0.87,
  "f1": 0.8701040416166467,
  "roc_auc": 0.9425431553592934,
  "confusion_matrix": [
    [
      89,
      17
    ],
    [
      9,
      85
    ]
  ]
}
